date,symbol,fol_pct,room_used_pct,current_room,total_room,foreign_net_value,foreign_buy_value,foreign_sell_value,turnover_value,match_price
2026-07-07,ACB,33.9,81.82,316527414,1741326587,13063795000,47543940000,34480145000,248507.74,22600
2026-07-07,ANV,49.0,6.44,122256496,130667075,-881240000,6135000,887375000,7860.25,20250
2026-07-07,BAF,50.0,5.33,143913429,152010821,445500000,445500000,0,16692.225,29900
2026-07-07,BCM,34.0,2.38,343512925,351900000,147440000,152500000,5060000,13319.18,50700
2026-07-07,BID,30.0,58.64,903325812,2184019563,-7234597650,4348580000,11583177650,89714.15,41650
2026-07-07,BMP,100.0,81.58,15078245,81860938,2964643100,3161960000,197316900,8993.69,149600
2026-07-07,BSI,110.0,35.63,173725510,269901549,3399930700,3548155000,148224300,35947.92,36850
2026-07-07,BSR,49.0,2.24,2398647375,2453576846,22746535000,27300850000,4554315000,166313.66,24250
2026-07-07,BVH,49.0,55.55,161690428,363738154,7181998900,10648920000,3466921100,31679.15,59500
2026-07-07,BWE,49.0,4.9,102479875,107765035,-22620000,0,22620000,1862.76,45200
2026-07-07,CII,40.0,8.8,245139716,268794116,-3654750000,932375000,4587125000,97637.04,16750
2026-07-07,CMG,50.0,73.1,31336835,116477304,-216052450,0,216052450,4413.32,27100
2026-07-07,CTD,49.0,94.73,2942480,55872968,9227675800,10266540000,1038864200,56141.64,71700
2026-07-07,CTG,30.0,82.24,413851625,2330083391,-898440000,13490605000,14389045000,162586.185,34250
2026-07-07,CTR,49.0,8.84,51097132,56049080,3219515000,4112915000,893400000,12126.92,84100
2026-07-07,CTS,49.0,1.69,102455435,104219784,-1197716800,5546600000,6744316800,89003.51,28900
2026-07-07,DBC,49.0,2.99,204890882,211212784,-2378523350,120677800,2499201150,33727.94,18000
2026-07-07,DCM,49.0,14.34,222199845,259406000,7701380000,9259285000,1557905000,40793.01,35100
2026-07-07,DGW,49.0,47.23,57231911,108446882,-1878877650,1794170000,3673047650,23976.52,39400
2026-07-07,DIG,49.0,3.62,376122311,390251283,13168975000,13335710000,166735000,82775.045,11900
2026-07-07,DPM,50.0,7.51,314456989,339995380,7832840000,8621680000,788840000,45394.145,22650
2026-07-07,DSE,100.0,10.65,382657821,428249806,1620225000,1620225000,0,20520.51,23200
2026-07-07,DXG,50.0,37.36,397706217,634926225,9544873600,10894660000,1349786400,71128.935,11900
2026-07-07,DXS,50.0,13.78,249661241,289551562,710598000,902937000,192339000,8011.665,6950
2026-07-07,EIB,29.97,7.7,516938494,560090574,4890125000,5162825000,272700000,68150.92,20200
2026-07-07,EVF,15.0,1.88,111943473,114084870,-335900000,51660000,387560000,28553.01,12850
2026-07-07,FPT,49.0,56.69,361511692,834718489,-7495588900,18640220700,26135809600,332887.43,73200
2026-07-07,FRT,49.0,64.52,29606210,83447874,-16835449100,4175553000,21011002100,40284.72,117000
2026-07-07,FTS,100.0,24.8,286633964,381145750,152705000,4615335000,4462630000,63594.445,28350
2026-07-07,GAS,49.0,4.17,1133092971,1182345380,3701181200,6353033300,2651852100,48169.67,73800
2026-07-07,GEE,50.0,2.05,313693782,320249605,4336924600,5785434600,1448510000,134467.42,86000
2026-07-07,GEX,50.0,14.64,558457737,654235679,-11404049500,1742545500,13146595000,213685.185,29350
2026-07-07,GMD,49.0,82.74,36067136,208982603,-9241611600,9284440000,18526051600,132261.76,76000
2026-07-07,GVR,13.0,4.8,495028119,520000000,7200003650,12454475050,5254471400,61093.305,31450
2026-07-07,HAG,49.0,3.72,597951040,621059294,-44674250,4460000,49134250,17797.38,14800
2026-07-07,HCM,49.0,70.07,158491659,529590573,13337915000,13852330000,514415000,112098.125,28600
2026-07-07,HDB,27.0,79.44,277908196,1351424607,54001741800,75245505000,21243763200,517420.05,27700
2026-07-07,HDC,49.0,2.18,95741300,97879739,30525600,30555000,29400,7749.1,14650
2026-07-07,HDG,50.0,34.16,133971208,203478666,11003087750,17359839000,6356751250,92663.535,18700
2026-07-07,HHV,49.0,19.69,215331207,268111485,2998510000,2998510000,0,27364.135,11200
2026-07-07,HPG,49.0,43.64,2331555193,4137052614,-30558829000,13170397200,43729226200,319462.655,23100
2026-07-07,HSG,49.0,6.68,369133814,395558724,1491967300,2251860000,759892700,45456.11,11500
2026-07-07,HT1,49.0,4.25,179035725,186979056,91000000,91000000,0,2601.76,13250
2026-07-07,IMP,77.96,93.23,8128822,120091737,-125725000,0,125725000,255.645,41800
2026-07-07,KBC,49.0,15.63,389351336,461459831,2470055000,4010300000,1540245000,29358.335,28800
2026-07-07,KDC,50.0,27.45,105125627,144903158,-641269950,0,641269950,6996.73,49500
2026-07-07,KDH,50.0,49.87,281303288,561107449,24357425000,26233225000,1875800000,62592.03,20950
2026-07-07,KOS,49.0,0.18,105887094,106075854,284160000,773930000,489770000,9219.18,36550
2026-07-07,LPB,5.0,22.69,115468924,149364105,11659532500,15206282500,3546750000,90994.33,53800
2026-07-07,MBB,23.24,95.41,85895636,1871587283,7515261450,34053243500,26537982050,315688.785,25750
2026-07-07,MSB,30.0,25.43,697999985,936000000,9127580000,9287560000,159980000,96854.665,16150
2026-07-07,MSN,106.16,24.4,1160419992,1534951081,-182685606000,34195966000,216881572000,667782.76,68600
2026-07-07,MWG,49.0,100.0,0,720149656,-2380623800,81237095000,83617718800,167389.73,77500
2026-07-07,NAB,30.0,3.85,593886557,617646684,-5323915000,386695000,5710610000,30052.12,13100
2026-07-07,NKG,45.45,8.9,203866075,223785440,-117535000,6000000,123535000,9351.86,12000
2026-07-07,NLG,50.0,81.25,45467827,242548691,1543710000,5189130000,3645420000,39070.745,25650
2026-07-07,NT2,49.0,21.93,110118437,141059254,-810715000,201985000,1012700000,4846.42,22000
2026-07-07,NVL,49.0,9.69,1062941286,1177013306,11957870000,18038245000,6080375000,89264.1,12550
2026-07-07,OCB,22.0,89.33,62511234,585871502,5138086650,6421275650,1283189000,32380.395,11350
2026-07-07,PAN,49.0,45.74,68609039,126455768,-765890000,75070000,840960000,6313.62,22150
2026-07-07,PC1,50.0,17.84,168950455,205642671,9046157000,14476305000,5430148000,89314.99,21600
2026-07-07,PDR,50.0,12.29,437572039,498904689,6151785000,7594480000,1442695000,68780.585,14300
2026-07-07,PHR,49.0,24.9,49862707,66394607,867040000,1142840000,275800000,20106.85,63900
2026-07-07,PLX,20.0,69.88,77944825,258775616,8190955000,9132470000,941515000,91586.52,34900
2026-07-07,PNJ,49.0,98.45,3899556,250826843,-18974612800,3590747200,22565360000,50505.36,50800
2026-07-07,POW,50.0,9.55,1387407169,1533922844,3169118000,7487153000,4318035000,119080.69,14700
2026-07-07,PVD,50.0,19.67,223438689,278148003,14271491700,16288220000,2016728300,102342.02,32600
2026-07-07,PVT,49.0,26.61,168996294,230266305,-9822555000,2997555000,12820110000,65624.53,19000
2026-07-07,REE,49.0,100.0,0,305220527,98943000,113520000,14577000,26937.025,47450
2026-07-07,SAB,100.0,58.66,530154867,1282562372,-709650000,4082685000,4792335000,18828.7,47250
2026-07-07,SBT,102.38,19.67,745455563,928026375,133185000,354930000,221745000,11613.03,21200
2026-07-07,SCS,32.6,28.6,22083820,30929304,-68620000,19580000,88200000,2441.035,49050
2026-07-07,SHB,31.31,13.43,1245031572,1438260007,-36129473200,6339458300,42468931500,637781.505,13400
2026-07-07,SIP,49.0,4.71,113046528,118635342,-64675000,0,64675000,3782.58,49700
2026-07-07,SJS,50.0,1.14,147042836,148737414,-4996600,4700000,9696600,405.035,47800
2026-07-07,SSB,30.0,1.0,1018308283,1028640000,8092205000,8931450000,839245000,35413.59,16400
2026-07-07,SSI,100.4,31.37,1717926697,2503089220,-4080845150,15788538250,19869383400,408632.69,27150
2026-07-07,STB,30.0,38.31,348905923,565564714,-7947480000,36375390000,44322870000,199135.76,70800
2026-07-07,SZC,20.0,6.24,33750416,35997172,786950000,799550000,12600000,8963.22,21200
2026-07-07,TCB,22.54,95.89,65624885,1597139381,-780260000,70558865000,71339125000,253822.15,33850
2026-07-07,TCH,51.0,20.18,371288795,465175704,4941680000,5117340000,175660000,52703.955,13900
2026-07-07,TPB,30.0,78.11,182136852,832214061,-2225510000,2116930000,4342440000,95707.375,16200
2026-07-07,VCB,30.0,67.37,818001125,2506702528,-7195459200,8654671200,15850130400,155779.57,61300
2026-07-07,VCG,49.0,4.3,303136381,316769484,3422235000,4231290000,809055000,39429.685,20450
2026-07-07,VCI,100.0,18.06,940374687,1147631925,3829895000,5020715000,1190820000,128732.97,24900
2026-07-07,VGC,49.0,1.97,215365800,219691500,221670000,943290000,721620000,12513.115,43000
2026-07-07,VHC,100.0,18.94,169791008,209453159,1146230000,1590380000,444150000,9954.06,57800
2026-07-07,VHM,50.0,15.11,1743412561,2053706002,-203217576300,18596480000,221814056300,585964.36,150100
2026-07-07,VIB,4.99,83.14,28633229,169859884,-826584200,4878440000,5705024200,96613.63,16250
2026-07-07,VIC,48.19,6.64,3466936642,3713436895,20585542900,76525089900,55939547000,643941.56,220300
2026-07-07,VIX,100.0,7.49,2266814180,2450287772,-4353699500,1609855000,5963554500,401524.055,16500
2026-07-07,VJC,30.0,21.05,182151178,230727888,1997260000,3393460000,1396200000,114033.82,139700
2026-07-07,VND,100.0,8.13,1398578434,1522299908,41096841250,49211295000,8114453750,385627.48,18750
2026-07-07,VNM,100.0,48.43,1077741153,2089955445,20993394400,38587510000,17594115600,88788.7,55100
2026-07-07,VPB,30.0,79.88,478860973,2380177080,-15265940000,23362140000,38628080000,221115.45,27600
2026-07-07,VPI,49.0,19.68,125962676,156824292,-1563760000,0,1563760000,22653.8,61600
2026-07-07,VPL,49.0,3.82,845110594,878717184,5596736400,5599370000,2633600,45682.15,82400
2026-07-07,VRE,49.0,24.44,862226339,1141121020,323825000,6407535000,6083710000,78784.83,27350
2026-07-07,VSC,49.0,2.39,179048865,183441477,384040000,1331330000,947290000,53724.425,17550
2026-07-07,VTP,49.0,8.05,77512045,84294650,218970000,780280000,561310000,13345.16,63000
2026-07-08,ACB,33.9,81.71,318549436,1741326587,30575749400,33957340000,3381590600,210483.25,22700
2026-07-08,ANV,49.0,6.42,122282896,130667075,-11303985000,418250000,11722235000,27455.995,19750
2026-07-08,BAF,60.0,5.53,172318453,182412453,3812320000,3812320000,0,23620.99,29950
2026-07-08,BCM,34.0,2.33,343716125,351900000,-86130000,0,86130000,6031.14,50700
2026-07-08,BID,30.0,58.61,904049612,2184019563,-1777308400,15475700000,17253008400,115192.89,41800
2026-07-08,BMP,100.0,81.6,15064162,81860938,-8696090000,2168010000,10864100000,21266.98,147000
2026-07-08,BSI,110.0,35.62,173753136,269901549,-1330710000,906050000,2236760000,28589.435,36300
2026-07-08,BSR,49.0,2.27,2397867675,2453576846,5449307750,25964760000,20515452250,320060.27,25100
2026-07-08,BVH,49.0,55.56,161656398,363738154,3104597900,5939310000,2834712100,18946.67,60400
2026-07-08,BWE,49.0,4.9,102486275,107765035,75810200,284530000,208719800,1909.55,45200
2026-07-08,CII,40.0,8.79,245167616,268794116,-574470000,847230000,1421700000,118082.795,16850
2026-07-08,CMG,50.0,73.14,31283319,116477304,740922900,1031405000,290482100,6272.025,27200
2026-07-08,CTD,49.0,94.85,2876805,55872968,2854217700,5683237700,2829020000,33141.42,71000
2026-07-08,CTG,30.0,82.22,414213209,2330083391,33598391000,38602191000,5003800000,300814.695,34500
2026-07-08,CTR,49.0,9.0,51007326,56049080,6735640000,8330540000,1594900000,32680.25,85500
2026-07-08,CTS,38.28,1.48,102675065,104219784,-4043345000,34500000,4077845000,68311.885,28150
2026-07-08,DBC,49.0,2.96,204970286,211212784,-2045436250,736675000,2782111250,25081.925,17950
2026-07-08,DCM,49.0,14.39,222079045,259406000,4628770000,19453580000,14824810000,185813.83,36650
2026-07-08,DGW,49.0,47.18,57276311,108446882,-1218813000,439565000,1658378000,10115.885,39450
2026-07-08,DIG,49.0,3.68,375901511,390251283,4368680000,4384765000,16085000,131770.655,12250
2026-07-08,DPM,50.0,7.92,313063189,339995380,6002355000,34394785000,28392430000,292935.655,24200
2026-07-08,DSE,100.0,10.67,382539721,428249806,769070000,2831030000,2061960000,26914.77,23350
2026-07-08,DXG,50.0,37.39,397534603,634926225,15593395000,15690350000,96955000,97503.685,12100
2026-07-08,DXS,50.0,13.77,249671241,289551562,134020000,134020000,0,8942.237,7110
2026-07-08,EIB,29.97,7.37,518811394,560090574,495820000,1637855000,1142035000,60868.43,20300
2026-07-08,EVF,15.0,1.88,111945673,114084870,87955000,237135000,149180000,22442.015,12950
2026-07-08,FPT,49.0,56.7,361393248,834718489,-86447605900,20096035600,106543641500,486767.03,72100
2026-07-08,FRT,49.0,64.24,29839245,83447874,-8872890000,1841370000,10714260000,16865.09,116400
2026-07-08,FTS,100.0,24.75,286817264,381145750,-110295000,230195000,340490000,44794.37,27750
2026-07-08,GAS,49.0,4.12,1133616421,1182345380,-1268030000,2761080000,4029110000,48671.89,74800
2026-07-08,GEE,50.0,2.0,313832818,320249605,-157412900,739517100,896930000,65275.65,84800
2026-07-08,GEX,50.0,14.33,560465601,654235679,-8503719200,1134547000,9638266200,259669.835,28900
2026-07-08,GMD,49.0,82.51,36556336,208982603,12627529200,16158700000,3531170800,96048.25,77400
2026-07-08,GVR,13.0,4.77,495177020,520000000,-75605000,271730000,347335000,34224.13,31500
2026-07-08,HAG,49.0,3.72,597931196,621059294,300120000,300120000,0,19642.605,14800
2026-07-08,HCM,49.0,70.13,158204159,529590573,3829175500,10821450000,6992274500,116425.27,28200
2026-07-08,HDB,27.0,79.42,278092278,1351424607,-1465525200,12085530000,13551055200,209982.295,27550
2026-07-08,HDC,49.0,2.11,95819188,97879739,894025000,894025000,0,16858.95,14900
2026-07-08,HDG,50.0,33.91,134485133,203478666,-1368472000,704900000,2073372000,40874.46,19000
2026-07-08,HHV,49.0,19.61,215545307,268111485,1471955000,2779220000,1307265000,31481.99,11200
2026-07-08,HPG,49.0,43.6,2333269122,4137052614,-2178075350,13533922700,15711998050,290026.765,23200
2026-07-08,HSG,49.0,6.59,369483526,395558724,-197415000,595435000,792850000,42567.325,11700
2026-07-08,HT1,49.0,4.28,178975425,186979056,157860000,157860000,0,2099.01,13000
2026-07-08,IMP,77.96,93.22,8136242,120091737,-37550000,0,37550000,50.045,41700
2026-07-08,KBC,49.0,15.56,389675836,461459831,-762655000,1331075000,2093730000,29507.85,28850
2026-07-08,KDC,50.0,27.45,105131527,144903158,-410185000,262410000,672595000,6199.85,49950
2026-07-08,KDH,50.0,49.83,281483864,561107449,-4217000000,7085665000,11302665000,55584.37,21000
2026-07-08,KOS,49.0,0.16,105906294,106075854,168360000,168360000,0,5028.805,36950
2026-07-08,LPB,5.0,22.86,115219067,149364105,-14612016600,23925520000,38537536600,88991.89,53100
2026-07-08,MBB,23.24,95.49,84342109,1871587283,100483444250,125417892250,24934448000,524400.415,26000
2026-07-08,MSB,30.0,25.29,699320985,936000000,-7077437000,405460000,7482897000,76538.32,16000
2026-07-08,MSN,106.16,24.42,1160129935,1534951081,-184524090000,115156990000,299681080000,745805.32,69000
2026-07-08,MWG,49.0,99.99,47491,720149656,42515010000,89849230000,47334220000,246648.4,78800
2026-07-08,NAB,30.0,3.91,593466757,617646684,4068190000,5981880000,1913690000,42067.975,13350
2026-07-08,NKG,45.45,8.95,203754275,223785440,1265380000,1307430000,42050000,19452.445,12100
2026-07-08,NLG,50.0,81.1,45830796,242548691,-6281660000,4693945000,10975605000,43042.31,25800
2026-07-08,NT2,49.0,21.9,110172747,141059254,503195000,503195000,0,6244.975,22100
2026-07-08,NVL,49.0,9.79,1061764526,1177013306,22570820000,30598775000,8027955000,167894.525,12650
2026-07-08,OCB,22.0,89.34,62478074,585871502,152385000,2757360000,2604975000,46875.445,11350
2026-07-08,PAN,49.0,45.67,68701039,126455768,-107810000,70720000,178530000,3803.56,22500
2026-07-08,PC1,50.0,17.53,169603382,205642671,-3590920000,761600000,4352520000,62714.155,22150
2026-07-08,PDR,50.0,12.51,436496039,498904689,16755195000,17319620000,564425000,134080.19,14400
2026-07-08,PHR,49.0,24.91,49854307,66394607,361590000,902320000,540730000,6740.54,63800
2026-07-08,PLX,20.0,69.87,77956610,258775616,2169375000,2913455000,744080000,78011.135,35250
2026-07-08,PNJ,49.0,99.64,894918,250826843,-215293874500,137433182200,352727056700,1243893.88,52000
2026-07-08,POW,50.0,9.44,1389086773,1533922844,-10459060000,3852380000,14311440000,112662.215,14700
2026-07-08,PVD,50.0,19.82,223009045,278148003,949118850,14628728850,13679610000,75489.79,32550
2026-07-08,PVT,49.0,26.53,169185725,230266305,10126100300,12209755000,2083654700,49475.59,19450
2026-07-08,REE,49.0,100.0,0,305220527,-63001600,75868400,138870000,22770.81,47200
2026-07-08,SAB,100.0,58.67,530072123,1282562372,-2962230000,9158555000,12120785000,22953.04,47200
2026-07-08,SBT,102.38,19.68,745427263,928026375,909142250,910880000,1737750,11700.8,21250
2026-07-08,SCS,32.6,28.61,22080920,30929304,-3114835000,978970000,4093805000,5932.86,48900
2026-07-08,SHB,31.31,13.46,1244615978,1438260007,-40884467200,13633045500,54517512700,536642.765,13400
2026-07-08,SIP,49.0,4.71,113043783,118635342,243800000,298570000,54770000,2133.925,49900
2026-07-08,SJS,50.0,1.13,147058528,148737414,-18900000,9370000,28270000,1054.875,48000
2026-07-08,SSB,30.0,1.02,1018123983,1028640000,1855005000,3787030000,1932025000,37154.905,16400
2026-07-08,SSI,100.4,31.33,1718884887,2503089220,-7849695000,22551775000,30401470000,602265.17,27200
2026-07-08,STB,30.0,38.2,349517523,565564714,-35626530000,7505390000,43131920000,167175.71,70900
2026-07-08,SZC,20.0,6.39,33695816,35997172,1458250000,1458250000,0,8333.445,21450
2026-07-08,TCB,22.54,95.63,69732947,1597139381,-112323735300,22986258500,135309993800,427419.7,33750
2026-07-08,TCH,51.0,19.98,372229641,465175704,3778061400,3983861400,205800000,50003.68,14050
2026-07-08,TPB,30.0,78.2,181459206,832214061,19004688800,20428573800,1423885000,188375.57,16300
2026-07-08,VCB,30.0,67.36,818164564,2506702528,2028981900,7778750000,5749768100,126161.99,61600
2026-07-08,VCG,49.0,4.48,302581881,316769484,2322678250,12397745000,10075066750,61977.48,20650
2026-07-08,VCI,100.0,18.18,939032687,1147631925,20111080000,32416310000,12305230000,414327.99,25400
2026-07-08,VGC,49.0,1.95,215402800,219691500,397225000,705765000,308540000,6787.835,43000
2026-07-08,VHC,100.0,18.95,169769108,209453159,572250000,1821450000,1249200000,8332.39,58900
2026-07-08,VHM,50.0,15.11,1743454408,2053706002,-131665523700,21635006300,153300530000,419589.26,150000
2026-07-08,VIB,4.99,81.23,31877885,169859884,-29305920000,4797005000,34102925000,171801.395,16250
2026-07-08,VIC,48.19,6.64,3467047635,3713436895,66673624000,92697914000,26024290000,426154.2,220700
2026-07-08,VIX,100.0,7.47,2267208175,2450287772,-3058041750,1699563250,4757605000,367889.29,16500
2026-07-08,VJC,30.0,21.07,182122533,230727888,-15463974300,1633334500,17097308800,118819.93,138900
2026-07-08,VND,100.0,8.21,1397376659,1522299908,3108635000,30309565000,27200930000,402519.36,18700
2026-07-08,VNM,100.0,48.52,1076012483,2089955445,123739795900,147098373200,23358577300,205317.65,55700
2026-07-08,VPB,30.0,79.87,479176173,2380177080,-123565867500,16295830000,139861697500,501860.79,27750
2026-07-08,VPI,49.0,19.59,126103676,156824292,-707610000,264090000,971700000,19754.99,61500
2026-07-08,VPL,49.0,3.83,845037224,878717184,5444510000,6300980000,856470000,61564.04,84000
2026-07-08,VRE,49.0,24.44,862228923,1141121020,-7757385600,16930867200,24688252800,133113.4,27050
2026-07-08,VSC,49.0,2.42,179010735,183441477,2897496500,3363606500,466110000,90508.18,17400
2026-07-08,VTP,49.0,8.03,77525829,84294650,238602000,238602000,0,8722.31,63800
2026-07-09,ACB,33.9,81.78,317223273,1741326587,18353942000,36724192650,18370250650,433927.88,22800
2026-07-09,ANV,49.0,6.37,122339295,130667075,-108939850,441030150,549970000,8921.31,20000
2026-07-09,BAF,60.0,5.63,172137973,182412453,4338265000,5352160000,1013895000,34629.465,30100
2026-07-09,BCM,34.0,2.33,343711215,351900000,160190200,160190200,0,9821.02,50400
2026-07-09,BID,30.0,58.54,905513680,2184019563,-8090948200,949411800,9040360000,120002.765,41250
2026-07-09,BMP,100.0,81.66,15014162,81860938,790230000,6772590000,5982360000,30989.02,145500
2026-07-09,BSI,110.0,35.64,173721836,269901549,-2716660000,2012685000,4729345000,25942.825,35900
2026-07-09,BSR,49.0,2.3,2397056370,2453576846,74382930000,92158430000,17775500000,554904.365,26350
2026-07-09,BVH,49.0,55.54,161733905,363738154,747750000,4297880000,3550130000,22148.76,60100
2026-07-09,BWE,49.0,4.89,102493899,107765035,-72225000,0,72225000,953.17,45200
2026-07-09,CII,40.0,8.77,245219616,268794116,-5839525000,14885000,5854410000,113939.13,16300
2026-07-09,CMG,50.0,73.12,31312120,116477304,-13719650,37805000,51524650,4261.705,27050
2026-07-09,CTD,49.0,94.79,2909768,55872968,-4004879000,463491000,4468370000,40971.28,69500
2026-07-09,CTG,30.0,82.22,414244611,2330083391,-17022941200,6291360000,23314301200,183933.55,34050
2026-07-09,CTR,49.0,8.88,51071607,56049080,-5116680000,60430000,5177110000,15346.02,75000
2026-07-09,CTS,38.28,1.56,102589235,104219784,-12227604500,2247295000,14474899500,87458.71,28600
2026-07-09,DBC,49.0,2.95,204985102,211212784,-2370357900,1011425000,3381782900,21378.39,17800
2026-07-09,DCM,49.0,13.78,223656545,259406000,-47898170000,1335125000,49233295000,115175.555,33750
2026-07-09,DGW,49.0,46.96,57522311,108446882,-373905000,742795000,1116700000,17556.075,38850
2026-07-09,DIG,49.0,3.75,375633211,390251283,1504895000,3347140000,1842245000,33649.55,12250
2026-07-09,DPM,50.0,7.46,314631889,339995380,-3537803800,5218085000,8755888800,92600.915,23800
2026-07-09,DSE,100.0,10.65,382647421,428249806,1217860000,1217860000,0,16285.765,23200
2026-07-09,DXG,50.0,37.44,397196603,634926225,1705194000,4145505000,2440311000,41951.725,12000
2026-07-09,DXS,50.0,13.78,249656141,289551562,-266569000,99064000,365633000,5873.466,6960
2026-07-09,EIB,29.97,7.11,520284094,560090574,-3701230000,168765000,3869995000,114887.435,20000
2026-07-09,EVF,15.0,1.89,111931773,114084870,-234810000,95090000,329900000,27980.935,12700
2026-07-09,FPT,49.0,56.73,361188055,834718489,-22457520000,33086770000,55544290000,321110.35,72100
2026-07-09,FRT,49.0,64.18,29891908,83447874,-3376324000,456326000,3832650000,11064.25,115500
2026-07-09,FTS,100.0,24.75,286797964,381145750,-5003260000,758000000,5761260000,52149.055,27600
2026-07-09,GAS,49.0,4.17,1133015116,1182345380,42126720200,54824080000,12697359800,154555.51,77000
2026-07-09,GEE,50.0,1.93,314058317,320249605,-1299592900,701857100,2001450000,110771.54,81000
2026-07-09,GEX,50.0,14.23,561108015,654235679,-61024442700,6798140900,67822583600,577356.6,27300
2026-07-09,GMD,49.0,82.48,36612978,208982603,-3628430000,5628610000,9257040000,62108.02,76100
2026-07-09,GVR,13.0,4.77,495201720,520000000,-1104220000,792505000,1896725000,34494.78,31500
2026-07-09,HAG,49.0,3.72,597936596,621059294,-1607138000,0,1607138000,34619.385,14500
2026-07-09,HCM,49.0,70.23,157679606,529590573,11556880000,17479890000,5923010000,147771.54,28100
2026-07-09,HDB,27.0,79.46,277629398,1351424607,8740180700,26855085700,18114905000,193033.395,27300
2026-07-09,HDC,49.0,2.12,95806488,97879739,-322150000,83420000,405570000,6966.865,14650
2026-07-09,HDG,50.0,33.42,135483833,203478666,-953594050,153115000,1106709050,32452.715,18850
2026-07-09,HHV,49.0,19.43,216018507,268111485,-6097445000,1075000,6098520000,24828.265,10700
2026-07-09,HPG,49.0,43.53,2336029342,4137052614,-13665958500,11167516500,24833475000,269887.235,23200
2026-07-09,HSG,49.0,6.6,369439489,395558724,104680000,1709785000,1605105000,36353.025,11500
2026-07-09,HT1,49.0,4.25,179026625,186979056,5300000,5300000,0,2901.97,13300
2026-07-09,IMP,77.96,93.22,8138592,120091737,-164989650,1540350,166530000,315.825,41500
2026-07-09,KBC,49.0,15.49,389990936,461459831,-2967050000,154555000,3121605000,22447.3,28650
2026-07-09,KDC,50.0,27.44,105148027,144903158,-114155000,606045000,720200000,4927.245,49950
2026-07-09,KDH,50.0,49.87,281295264,561107449,5479460000,16698010000,11218550000,44995.855,20650
2026-07-09,KOS,49.0,0.22,105844894,106075854,2313340000,2313340000,0,11426.635,38000
2026-07-09,LPB,5.0,22.64,115550667,149364105,1834540000,8562840000,6728300000,49685.62,52400
2026-07-09,MBB,23.24,95.47,84741695,1871587283,-36321324000,31461136000,67782460000,277674.185,24600
2026-07-09,MSB,30.0,25.29,699316785,936000000,1756205000,3605780000,1849575000,36980.365,16000
2026-07-09,MSN,106.16,24.23,1162976829,1534951081,-48401783000,10841177000,59242960000,158266.26,68900
2026-07-09,MWG,49.0,100.0,0,720149656,8730198600,12493408600,3763210000,123711.29,78500
2026-07-09,NAB,30.0,3.9,593582157,617646684,-4091865000,388440000,4480305000,30963.935,13250
2026-07-09,NKG,50.0,9.0,224016071,246161980,-115680000,0,115680000,13624.92,11950
2026-07-09,NLG,50.0,81.04,45986103,242548691,-8110176000,5241584000,13351760000,22066.68,25400
2026-07-09,NT2,49.0,21.88,110189937,141059254,-861900000,481730000,1343630000,9500.72,22100
2026-07-09,NVL,49.0,9.71,1062709827,1177013306,-668297000,8014823000,8683120000,72182.405,12450
2026-07-09,OCB,22.0,89.15,63544873,585871502,1111530000,1111530000,0,24270.205,11300
2026-07-09,PAN,49.0,45.61,68778239,126455768,-169975000,0,169975000,2984.48,22150
2026-07-09,PC1,50.0,17.36,169934582,205642671,-3915445000,215835000,4131280000,56087.27,21900
2026-07-09,PDR,50.0,12.57,436207869,498904689,5267319000,6166509000,899190000,66736.815,14200
2026-07-09,PHR,49.0,24.85,49893807,66394607,37920000,1486810000,1448890000,14821.02,63800
2026-07-09,PLX,20.0,69.82,78094660,258775616,5138252500,7783407500,2645155000,105023.065,36000
2026-07-09,PNJ,49.0,98.88,2802479,250826843,-6402067900,69197812100,75599880000,246327.75,50000
2026-07-09,POW,50.0,9.43,1389341073,1533922844,-21291585000,64800000,21356385000,198567.885,14200
2026-07-09,PVD,50.0,19.87,222886545,278148003,-2084190000,17766905000,19851095000,240668.875,33300
2026-07-09,PVT,49.0,26.32,169651714,230266305,-3158930000,13287015000,16445945000,72436.12,19450
2026-07-09,REE,49.0,100.0,0,305220527,53065050,54064650,999600,17830.725,47200
2026-07-09,SAB,100.0,58.65,530329623,1282562372,321272250,4626130000,4304857750,14302.97,47150
2026-07-09,SBT,102.38,19.68,745415247,928026375,-1132385000,255545000,1387930000,11546.88,21250
2026-07-09,SCS,32.6,28.55,22100310,30929304,-4218000,54722000,58940000,2557.86,48900
2026-07-09,SHB,31.31,12.91,1252556057,1438260007,-3410346600,2415238400,5825585000,464351.785,13350
2026-07-09,SIP,49.0,4.71,113049883,118635342,-859050000,104265000,963315000,4228.585,49500
2026-07-09,SJS,50.0,1.13,147058428,148737414,4560000,14150000,9590000,457.2,47800
2026-07-09,SSB,30.0,1.02,1018178183,1028640000,-5489980000,917960000,6407940000,36148.755,15950
2026-07-09,SSI,100.0,31.2,1722015712,2503089220,-19757870000,3747025000,23504895000,285879.67,26950
2026-07-09,STB,30.0,38.07,350252522,565564714,-1382158100,4760131900,6142290000,110462.07,71000
2026-07-09,SZC,20.0,6.33,33718668,35997172,-10730000,21350000,32080000,3072.505,21400
2026-07-09,TCB,22.54,95.64,69641212,1597139381,-89946739000,25712341000,115659080000,382636.635,33150
2026-07-09,TCH,51.0,19.83,372912134,465175704,-2439380000,0,2439380000,22123.24,13750
2026-07-09,TPB,30.0,78.17,181676977,832214061,-11557143800,2378692500,13935836300,104974.335,16200
2026-07-09,VCB,30.0,67.37,818043950,2506702528,-39145467200,8615112800,47760580000,135196.03,61100
2026-07-09,VCG,49.0,4.74,301740425,316769484,22134808900,27419493900,5284685000,106504.665,20750
2026-07-09,VCI,100.0,18.13,939597187,1147631925,-8442981200,1056020000,9499001200,128775.905,25100
2026-07-09,VGC,49.0,1.93,215453100,219691500,-939215000,71475000,1010690000,6553.375,42800
2026-07-09,VHC,100.0,18.96,169743408,209453159,-7869650000,2673870000,10543520000,16048.65,57700
2026-07-09,VHM,50.0,15.1,1743689780,2053706002,-30051837000,52523890000,82575727000,283843.09,148700
2026-07-09,VIB,4.99,79.87,34193520,169859884,-3308163700,2607491300,5915655000,66438.39,16100
2026-07-09,VIC,48.19,6.36,3477107861,3713436895,33246098800,66523847000,33277748200,522770.46,221000
2026-07-09,VIX,100.0,7.43,2268261413,2450287772,-13416862050,911895000,14328757050,657691.87,16050
2026-07-09,VJC,30.0,21.06,182136603,230727888,-184769100,8187907000,8372676100,121860.98,139000
2026-07-09,VND,100.0,8.2,1397426359,1522299908,-8936617500,26101870000,35038487500,338117.9,18350
2026-07-09,VNM,100.0,48.53,1075652295,2089955445,39515153300,50344096300,10828943000,137670.45,55700
2026-07-09,VPB,30.0,79.86,479393073,2380177080,-68600525000,7991795000,76592320000,269177.825,27250
2026-07-09,VPI,49.0,19.68,125968176,156824292,8851740000,10311870000,1460130000,37035.38,63000
2026-07-09,VPL,49.0,3.83,845043324,878717184,-691340000,2251240000,2942580000,68108.85,83200
2026-07-09,VRE,49.0,24.37,863015439,1141121020,-20122320000,4059645000,24181965000,71595.74,26900
2026-07-09,VSC,49.0,2.43,178986628,183441477,-2252968900,202156100,2455125000,96799.57,16750
2026-07-09,VTP,49.0,8.04,77513349,84294650,-1940050000,880940000,2820990000,17373.68,63200
2026-07-10,ACB,30.0,81.74,317909960,1741326587,-22683350100,35075686036,57759036136,167060.78,22550
2026-07-10,ANV,49.0,6.32,122406596,130667075,-4752785000,227850000,4980635000,16330.12,19600
2026-07-10,BAF,50.0,5.74,171934853,182412453,7062010000,7062010000,0,33821.43,30050
2026-07-10,BCM,34.0,2.33,343710024,351900000,534930000,5227667495,4692737495,11592.115,48700
2026-07-10,BID,30.0,58.54,905487133,2184019563,-655015150,70485759274,71140774424,93938.33,41000
2026-07-10,BMP,100.0,81.62,15042462,81860938,30240000,1570160000,1539920000,6434.94,146100
2026-07-10,BSI,100.0,35.62,173764636,269901549,-1968025000,460395000,2428420000,45936.205,34450
2026-07-10,BSR,49.0,2.29,2397352270,2453576846,-3023715000,10267540000,13291255000,202304.375,25500
2026-07-10,BVH,49.0,55.53,161744805,363738154,-1322250000,2920080000,4242330000,14256.03,59000
2026-07-10,BWE,49.0,4.89,102494399,107765035,-85770000,0,85770000,3243.505,45200
2026-07-10,CII,40.0,8.74,245305116,268794116,524838000,2014815000,1489977000,100612.055,16150
2026-07-10,CMG,50.0,73.11,31318115,116477304,-1439043500,47745000,1486788500,5552.85,27000
2026-07-10,CTD,49.0,95.06,2761155,55872968,7174300000,10690330000,3516030000,37251.93,68800
2026-07-10,CTG,30.0,82.23,414137611,2330083391,-25477088500,43108038094,68585126594,186831.33,33700
2026-07-10,CTR,49.0,8.88,51072032,56049080,-663370000,214660000,878030000,7971.21,74000
2026-07-10,CTS,49.0,1.44,131480956,133400020,-6284645000,19810000,6304455000,53300.96,27900
2026-07-10,DBC,49.0,2.87,205155375,211212784,-2949770000,10480000,2960250000,47684.055,17350
2026-07-10,DCM,49.0,13.77,223694845,259406000,-22785860000,405935000,23191795000,81507.88,32800
2026-07-10,DGW,49.0,46.9,57589845,108446882,-2690504600,20433800,2710938400,16374.59,38500
2026-07-10,DIG,49.0,3.79,375468779,390251283,2475789500,4901889500,2426100000,54040.54,12300
2026-07-10,DPM,50.0,7.43,314737046,339995380,-313366600,2799488400,3112855000,74269.875,23400
2026-07-10,DSE,100.0,10.66,382601921,428249806,703085000,1049585000,346500000,14998.955,23050
2026-07-10,DXG,50.0,37.7,395545506,634926225,20672098000,29610782395,8938684395,121737.235,12050
2026-07-10,DXS,50.0,13.8,249607641,289551562,-342212000,272918000,615130000,10880.391,7030
2026-07-10,EIB,29.97,7.11,520282444,560090574,-8038690000,5356300794,13394990794,65546.955,19750
2026-07-10,EVF,15.0,1.79,112037273,114084870,-234810000,95090000,329900000,27243.455,12750
2026-07-10,FPT,49.0,56.69,361525902,834718489,-119771875900,55604858400,175376734300,564810.34,70600
2026-07-10,FRT,49.0,64.01,30034436,83447874,-8882800000,10620658732,19503458732,19135.56,113900
2026-07-10,FTS,100.0,24.74,286854164,381145750,-4484900000,2710000,4487610000,37841.92,26850
2026-07-10,GAS,49.0,4.16,1133144929,1182345380,-3326713000,10359681140,13686394140,38916.28,75200
2026-07-10,GEE,50.0,1.94,314045712,320249605,-8995961000,2707734000,11703695000,61889.53,80100
2026-07-10,GEX,50.0,14.29,560763284,654235679,5739874050,26915892528,21176018478,285094.325,26600
2026-07-10,GMD,49.0,82.49,36584856,208982603,-990030000,32881308526,33871338526,163456.67,75300
2026-07-10,GVR,13.0,4.77,495189220,520000000,-5445580000,424985000,5870565000,31046.745,30600
2026-07-10,HAG,49.0,3.72,597936801,621059294,-8483500,0,8483500,18063.25,14650
2026-07-10,HCM,49.0,70.21,157762306,529590573,-12438367750,7825815000,20264182750,121053.635,27800
2026-07-10,HDB,27.0,79.54,276454498,1351424607,28384540000,66025005469,37640465469,304004.47,27000
2026-07-10,HDC,49.0,2.1,95820588,97879739,-338450000,0,338450000,14792.52,14650
2026-07-10,HDG,50.0,33.45,135412433,203478666,-3483330000,1125090000,4608420000,23933.09,18900
2026-07-10,HHV,49.0,20.08,214272007,268111485,16975591000,24828960000,7853369000,33162.565,10700
2026-07-10,HPG,49.0,43.51,2337121376,4137052614,68281500,48402661930,48334380430,274691.525,22950
2026-07-10,HSG,49.0,6.57,369577289,395558724,-2361185000,1145000,2362330000,20153.935,11350
2026-07-10,HT1,49.0,4.25,179024625,186979056,25080000,25080000,0,785.57,13100
2026-07-10,IMP,77.96,93.22,8141642,120091737,-186680000,4120000,190800000,298.12,41200
2026-07-10,KBC,49.0,15.49,389988136,461459831,-195880450,394010000,589890450,23288.76,28600
2026-07-10,KDC,50.0,27.41,105178030,144903158,118514500,277735000,159220500,769.465,49900
2026-07-10,KDH,50.0,49.89,281170864,561107449,-6353395000,27805364216,34158759216,50730.8,20300
2026-07-10,KOS,49.0,0.23,105827794,106075854,292430000,821880000,529450000,9993.58,38050
2026-07-10,LPB,5.0,22.64,115553867,149364105,-15574830000,4709700000,20284530000,133049.39,53400
2026-07-10,MBB,23.24,95.62,82030037,1871587283,66204963000,128286443360,62081480360,259914.46,24650
2026-07-10,MSB,30.0,25.29,699295585,936000000,-3109994500,25061032806,28171027306,44867.76,15800
2026-07-10,MSN,106.16,24.09,1165171414,1534951081,336582800,51211806912,50875224112,185165.4,68800
2026-07-10,MWG,49.0,100.0,0,720149656,9603780800,86601158582,76997377782,245422.94,76600
2026-07-10,NAB,30.0,4.01,592863157,617646684,13993615000,15340490000,1346875000,56579.67,13300
2026-07-10,NKG,50.0,8.99,224025971,246161980,-567620000,0,567620000,16974.09,11950
2026-07-10,NLG,50.0,81.15,45726023,242548691,-4335500000,6559495000,10894995000,39330.17,25000
2026-07-10,NT2,49.0,21.84,110252547,141059254,-740895000,46260000,787155000,3904.32,21800
2026-07-10,NVL,49.0,9.83,1061254921,1177013306,23497535750,24572092750,1074557000,100537.96,12350
2026-07-10,OCB,22.0,89.15,63546773,585871502,-5328715000,92250000,5420965000,46143.19,11100
2026-07-10,PAN,49.0,45.6,68797839,126455768,-256275000,333250000,589525000,3065.77,22150
2026-07-10,PC1,50.0,17.37,169912482,205642671,-7262916450,346375000,7609291450,25962.105,21250
2026-07-10,PDR,50.0,12.76,435263769,498904689,13236140000,14314840000,1078700000,109488.34,14050
2026-07-10,PHR,49.0,24.82,49912307,66394607,-584910000,248270000,833180000,7031.55,63200
2026-07-10,PLX,20.0,69.82,78099860,258775616,-7297540000,2725025000,10022565000,89877.395,36000
2026-07-10,PNJ,49.0,99.14,2145880,250826843,-19835968650,162679520974,182515489624,481932.585,46600
2026-07-10,POW,50.0,9.43,1389230923,1533922844,-23235290000,7915167087,31150457087,116354.84,14100
2026-07-10,PVD,50.0,19.71,223311373,278148003,-981673150,14177798602,15159471752,101505.895,32500
2026-07-10,PVT,49.0,25.83,170795614,230266305,-3834900000,976450000,4811350000,36149.675,18900
2026-07-10,REE,49.0,100.0,0,305220527,19923100,19923100,0,14809.315,47000
2026-07-10,SAB,100.0,58.65,530352222,1282562372,-2141440000,2131145000,4272585000,17809.46,47150
2026-07-10,SBT,102.38,19.68,745404747,928026375,414770000,478370000,63600000,10011.69,21300
2026-07-10,SCS,32.25,28.58,22090020,30929304,-2272540000,535360000,2807900000,6183.31,48500
2026-07-10,SHB,31.31,12.72,1255363862,1438260007,-2631191150,6576807996,9207999146,485633.33,13150
2026-07-10,SIP,49.0,4.71,113045783,118635342,417255000,451995000,34740000,1320.59,49600
2026-07-10,SJS,50.0,1.13,147057933,148737414,-4700000,0,4700000,1967.87,47800
2026-07-10,SSB,30.0,1.04,1017913883,1028640000,2682405000,4807335000,2124930000,35812.88,16250
2026-07-10,SSI,100.0,31.2,1722244443,2503089220,-44607032700,23018442072,67625474772,405649.39,26550
2026-07-10,STB,30.0,38.05,350354823,565564714,-8942500000,25448215050,34390715050,151877.64,70100
2026-07-10,SZC,20.0,6.32,33720368,35997172,-453865000,2130000,455995000,5692.72,21000
2026-07-10,TCB,22.54,95.69,68863537,1597139381,-33781385000,78671440837,112452825837,532658.815,32400
2026-07-10,TCH,51.0,19.88,372715134,465175704,701995000,7820312015,7118317015,33588.895,13650
2026-07-10,TPB,30.0,78.13,181964087,832214061,-17348155750,5920334397,23268490147,124429.755,15950
2026-07-10,VCB,30.0,67.36,818174483,2506702528,-45640740500,62655213029,108295953529,183534.89,60500
2026-07-10,VCG,49.0,4.69,301928367,316769484,518536900,1660841900,1142305000,78707.455,20300
2026-07-10,VCI,100.0,18.13,939613887,1147631925,-9131805000,6431844389,15563649389,175067.57,24450
2026-07-10,VGC,49.0,1.93,215455300,219691500,-2611340000,4185000,2615525000,11228.51,42000
2026-07-10,VHC,100.0,18.94,169779308,209453159,301450000,754460000,453010000,8808.88,57500
2026-07-10,VHM,50.0,15.05,1744724197,2053706002,-8422641200,150246294522,158668935722,466971.92,147000
2026-07-10,VIB,4.99,79.83,34268029,169859884,-20673960000,6386857088,27060817088,102254.815,15950
2026-07-10,VIC,48.19,6.57,3469365979,3713436895,1679292624500,1804860012146,125567387646,888642.84,223000
2026-07-10,VIX,100.0,7.45,2267863586,2450287772,-7676309950,17120608038,24796917988,788762.405,15450
2026-07-10,VJC,30.0,21.04,182176533,230727888,-2537702600,2310150000,4847852600,103388.46,138000
2026-07-10,VND,100.0,8.2,1397523259,1522299908,-14212520000,23613179233,37825699233,320922.33,18000
2026-07-10,VNM,100.0,48.72,1071655439,2089955445,196122901900,246478069536,50355167636,313908.36,56600
2026-07-10,VPB,30.0,79.88,478837325,2380177080,-82247382700,78237419046,160484801746,379583.395,26700
2026-07-10,VPI,49.0,19.75,125850376,156824292,10692850000,10711930000,19080000,42311.2,62400
2026-07-10,VPL,49.0,3.83,845068023,878717184,863960000,1096300000,232340000,67196.38,82300
2026-07-10,VRE,49.0,24.41,862562349,1141121020,-35645317900,19712421590,55357739490,127893.2,26350
2026-07-10,VSC,49.0,2.87,178182225,183441477,11622732000,12557812000,935080000,95342.005,16300
2026-07-10,VTP,49.0,8.03,77523849,84294650,183370000,196090000,12720000,13022.86,63200
2026-07-13,ACB,30.0,81.75,317706870,1741326587,-21647010000,5927945000,27574955000,346418.155,22450
2026-07-13,ANV,49.0,5.89,122968996,130667075,-455865000,378405000,834270000,14745.235,18850
2026-07-13,BAF,50.0,5.75,171926053,182412453,-2842085000,250615000,3092700000,26185.47,29800
2026-07-13,BCM,34.0,2.33,343703324,351900000,138330000,340700000,202370000,32188.24,46000
2026-07-13,BID,30.0,58.54,905455590,2184019563,-23933719750,11584995250,35518715000,243004.78,39950
2026-07-13,BMP,100.0,81.68,14997262,81860938,11565923000,13942910000,2376987000,26476.29,148600
2026-07-13,BSI,100.0,35.64,173716036,269901549,930565000,3213100000,2282535000,50203.0,32700
2026-07-13,BSR,49.0,2.3,2397263469,2453576846,-6148675700,12527345900,18676021600,221154.305,25750
2026-07-13,BVH,49.0,55.55,161666305,363738154,6258768900,7565140000,1306371100,22607.79,57500
2026-07-13,BWE,49.0,4.89,102493599,107765035,-261265000,0,261265000,3182.22,45200
2026-07-13,CII,40.0,9.0,244592153,268794116,6656731200,11577366200,4920635000,149451.08,16200
2026-07-13,CMG,50.0,73.12,31305815,116477304,-670733300,374760000,1045493300,6760.055,26450
2026-07-13,CTD,49.0,95.49,2521455,55872968,16854240000,17249190000,394950000,53474.6,67600
2026-07-13,CTG,30.0,82.28,412833482,2330083391,-120084824550,48350088750,168434913300,568804.675,32600
2026-07-13,CTR,49.0,8.88,51072832,56049080,-9765639600,7280000,9772919600,23651.81,73800
2026-07-13,CTS,49.0,1.41,131520456,133400020,1889065000,2679715000,790650000,94689.275,26900
2026-07-13,DBC,49.0,2.97,204938921,211212784,2314508700,5419510000,3105001300,56363.325,16900
2026-07-13,DCM,49.0,13.76,223703145,259406000,-10748780000,93320000,10842100000,73290.445,32550
2026-07-13,DGW,49.0,47.2,57257873,108446882,8106020000,13921425000,5815405000,30814.94,38550
2026-07-13,DIG,49.0,4.1,374249879,390251283,12848210000,16253005000,3404795000,154423.215,12650
2026-07-13,DPM,50.0,7.47,314595689,339995380,-8906260000,6008310000,14914570000,82301.2,23400
2026-07-13,DSE,100.0,10.66,382605721,428249806,-1348760000,187580000,1536340000,16147.5,22400
2026-07-13,DXG,50.0,37.88,394437616,634926225,15880748600,16835319000,954570400,110018.16,12100
2026-07-13,DXS,50.0,13.81,249570041,289551562,516026000,695700000,179674000,8485.014,7010
2026-07-13,EIB,29.97,7.24,519517594,560090574,13927340000,14050190000,122850000,182317.0,19350
2026-07-13,EVF,15.0,1.89,111923163,114084870,449192500,1425182500,975990000,52692.65,12750
2026-07-13,FPT,49.0,56.57,362515471,834718489,-76426535600,32555447100,108981982700,547056.6,70500
2026-07-13,FRT,49.0,63.92,30108236,83447874,-1226731300,846370000,2073101300,24968.41,113300
2026-07-13,FTS,100.0,24.77,286727264,381145750,3004271000,3403140000,398869000,82555.96,25750
2026-07-13,GAS,49.0,4.16,1133112629,1182345380,1528886300,6246890000,4718003700,69215.65,75400
2026-07-13,GEE,50.0,1.98,313893980,320249605,11875321000,15112541000,3237220000,86752.16,80400
2026-07-13,GEX,50.0,14.56,558981230,654235679,45032638500,71758033500,26725395000,339757.14,26000
2026-07-13,GMD,49.0,82.81,35922456,208982603,56587218000,69525100000,12937882000,115436.32,75300
2026-07-13,GVR,13.0,4.84,494814820,520000000,8467465000,12089825000,3622360000,59334.355,29500
2026-07-13,HAG,49.0,3.72,597939401,621059294,-11277750,43350000,54627750,26899.88,14650
2026-07-13,HCM,49.0,70.19,157868006,529590573,-30566820000,1168045000,31734865000,233219.655,27600
2026-07-13,HDB,27.0,79.69,274441550,1351424607,58919085000,75727370000,16808285000,412548.7,26700
2026-07-13,HDC,49.0,2.43,109828355,112559097,526430000,965250000,438820000,16494.42,14350
2026-07-13,HDG,50.0,33.42,135477386,203478666,-874401600,996975000,1871376600,33413.12,18900
2026-07-13,HHV,49.0,20.08,214284464,268111485,-3710452400,1512972500,5223424900,41332.4,10450
2026-07-13,HPG,49.0,43.5,2337340878,4137052614,-109116871650,9111523100,118228394750,730005.555,22400
2026-07-13,HSG,49.0,6.67,369180889,395558724,3443847200,4611260000,1167412800,40168.785,11250
2026-07-13,HT1,49.0,4.29,178965325,186979056,80610000,305955000,225345000,6111.255,12650
2026-07-13,IMP,77.96,93.22,8142742,120091737,-35925000,0,35925000,231.735,39600
2026-07-13,KBC,49.0,15.5,389942308,461459831,-1687485700,2263464300,3950950000,46821.88,28250
2026-07-13,KDC,50.0,27.41,105178895,144903158,-331582150,91862500,423444650,3628.465,49800
2026-07-13,KDH,50.0,50.05,280282664,561107449,-2712230000,29264060000,31976290000,122524.78,19800
2026-07-13,KOS,49.0,0.23,105836594,106075854,-387115000,0,387115000,894.565,38050
2026-07-13,LPB,5.0,22.44,115853069,149364105,-1944870000,4608690000,6553560000,114743.59,51600
2026-07-13,MBB,23.24,95.8,78552798,1871587283,81950385000,123785205000,41834820000,393748.74,24450
2026-07-13,MSB,30.0,25.39,698319737,936000000,9666575000,23499600000,13833025000,164118.055,16000
2026-07-13,MSN,106.16,23.94,1167412982,1534951081,-13118132000,71757600000,84875732000,371605.18,67900
2026-07-13,MWG,49.0,100.0,0,720149656,9240947000,11896137000,2655190000,284546.67,76000
2026-07-13,NAB,30.0,4.01,592879757,617646684,-3251260000,1107155000,4358415000,34793.945,12950
2026-07-13,NKG,50.0,9.0,223997571,246161980,-1035770000,233970000,1269740000,22992.515,11700
2026-07-13,NLG,50.0,81.06,45946323,242548691,6002820000,7762660000,1759840000,44312.235,25350
2026-07-13,NT2,49.0,21.84,110253247,141059254,-1536045000,23460000,1559505000,8971.685,21300
2026-07-13,NVL,49.0,9.98,1059590953,1177013306,5372857500,23073403600,17700546100,132749.76,12150
2026-07-13,OCB,22.0,89.2,63282173,585871502,-1405440000,2650400000,4055840000,59550.06,10850
2026-07-13,PAN,49.0,45.59,68810639,126455768,-575175800,150840000,726015800,10343.955,21750
2026-07-13,PC1,50.0,17.43,169807782,205642671,5671310000,6279030000,607720000,38155.745,21250
2026-07-13,PDR,50.0,12.94,434324269,498904689,5183895000,13671650000,8487755000,131628.235,13800
2026-07-13,PHR,49.0,24.83,49907907,66394607,-962150000,540360000,1502510000,13177.5,61600
2026-07-13,PLX,20.0,69.79,78168660,258775616,-3008905000,226865000,3235770000,59574.715,35550
2026-07-13,PNJ,49.0,96.99,7559394,250826843,-46395188650,77727107350,124122296000,299520.27,43850
2026-07-13,POW,50.0,9.45,1388951073,1533922844,10284390000,14592245000,4307855000,183304.46,13800
2026-07-13,PVD,50.0,19.85,222932292,278148003,-2714967500,10366441600,13081409100,135408.205,31050
2026-07-13,PVT,49.0,25.84,170774514,230266305,-14008370000,1385100000,15393470000,46789.49,18950
2026-07-13,REE,49.0,100.0,0,305220527,-26580600,67823050,94403650,29913.04,46150
2026-07-13,SAB,100.0,58.65,530345422,1282562372,704290000,5961450000,5257160000,41860.33,46150
2026-07-13,SBT,102.38,19.68,745369047,928026375,324870000,424540000,99670000,11378.805,21250
2026-07-13,SCS,32.25,28.38,22150720,30929304,-130665000,713910000,844575000,10234.38,48400
2026-07-13,SHB,31.31,12.66,1256217044,1438260007,-8559710000,30054810000,38614520000,974066.395,12600
2026-07-13,SIP,49.0,4.71,113046233,118635342,-452680000,2480000,455160000,4579.59,49250
2026-07-13,SJS,50.0,1.13,147058433,148737414,8610000,22800000,14190000,952.58,47800
2026-07-13,SSB,30.0,1.04,1017903183,1028640000,-3507690000,2186145000,5693835000,39544.585,15650
2026-07-13,SSI,100.0,31.2,1722238753,2503089220,-62374026850,7823411550,70197438400,906039.25,25650
2026-07-13,STB,30.0,37.98,350762123,565564714,-18179940000,10792970000,28972910000,300608.83,68500
2026-07-13,SZC,20.0,6.35,33711568,35997172,-190995000,167040000,358035000,7679.7,20550
2026-07-13,TCB,22.54,95.63,69817258,1597139381,48721029800,124843897050,76122867250,635175.96,32350
2026-07-13,TCH,51.0,19.98,372224734,465175704,7662745000,8780910000,1118165000,58724.255,13800
2026-07-13,TPB,30.0,78.16,181767887,832214061,-34921290000,2681645000,37602935000,229404.14,15550
2026-07-13,VCB,30.0,67.36,818224979,2506702528,-92256166800,5603427200,97859594000,403000.53,58900
2026-07-13,VCG,49.0,4.69,301908667,316769484,-5804540400,979550000,6784090400,113371.25,19800
2026-07-13,VCI,100.0,18.15,939355487,1147631925,-8223909200,4741385000,12965294200,282795.425,23700
2026-07-13,VGC,49.0,1.93,215449900,219691500,-3636975000,28770000,3665745000,12938.95,41800
2026-07-13,VHC,100.0,18.95,169768208,209453159,129650000,905500000,775850000,24421.6,57000
2026-07-13,VHM,50.0,15.06,1744483826,2053706002,129233074900,237941009900,108707935000,866932.15,143000
2026-07-13,VIB,4.99,78.68,36216629,169859884,-49686047500,1181167500,50867215000,189046.1,15500
2026-07-13,VIC,48.19,6.59,3468715513,3713436895,49562612800,189061751800,139499139000,840497.54,221500
2026-07-13,VIX,100.0,7.42,2268549727,2450287772,-2638062500,7447439750,10085502250,786258.73,14650
2026-07-13,VJC,30.0,21.0,182272007,230727888,-25104615300,7456271900,32560887200,130491.45,134400
2026-07-13,VND,100.0,8.2,1397509759,1522299908,3068190000,21059220000,17991030000,433319.115,17500
2026-07-13,VNM,100.0,48.71,1071906575,2089955445,4479951500,18608273600,14128322100,108943.8,55400
2026-07-13,VPB,30.0,79.72,482753531,2380177080,-100578221400,49501315000,150079536400,573612.505,26400
2026-07-13,VPI,49.0,19.85,125691276,156824292,7259120000,9192350000,1933230000,52711.61,61100
2026-07-13,VPL,49.0,3.83,845037324,878717184,-501670000,2579190000,3080860000,69814.11,82900
2026-07-13,VRE,49.0,24.43,862302598,1141121020,1787725000,28327915000,26540190000,146508.855,25900
2026-07-13,VSC,49.0,3.5,177020065,183441477,17634079000,21348484000,3714405000,129561.655,15550
2026-07-13,VTP,49.0,8.03,77523249,84294650,-1254560000,49420000,1303980000,22390.96,61400
2026-07-14,ACB,30.0,81.85,316045366,1741326587,26739155800,43875080800,17135925000,416646.49,22850
2026-07-14,ANV,49.0,5.9,122958195,130667075,-227805000,432995000,660800000,6324.19,18800
2026-07-14,BAF,50.0,5.77,171889753,182412453,-6509415000,1277660000,7787075000,32603.715,29800
2026-07-14,BCM,34.0,2.34,343669114,351900000,1621135000,1820150000,199015000,14637.905,47050
2026-07-14,BID,30.0,58.52,905903044,2184019563,-15294740000,1382400000,16677140000,109344.93,40250
2026-07-14,BMP,100.0,81.81,14890672,81860938,16712797800,22233640000,5520842200,30120.53,150900
2026-07-14,BSI,100.0,35.59,173856536,269901549,-1056875000,108405000,1165280000,13650.355,33000
2026-07-14,BSR,49.0,2.42,2394166170,2453576846,73366840000,95459335000,22092495000,499488.925,27200
2026-07-14,BVH,49.0,55.59,161548345,363738154,7082060000,8126710000,1044650000,19103.94,58600
2026-07-14,BWE,49.0,4.93,102447799,107765035,2070315000,2124575000,54260000,5912.95,45300
2026-07-14,CII,40.0,8.78,245183853,268794116,3324087850,3378910000,54822150,100906.98,16500
2026-07-14,CMG,50.0,73.11,31318422,116477304,60030000,60030000,0,3559.62,26250
2026-07-14,CTD,49.0,95.64,2437165,55872968,6594568000,12213680000,5619112000,31730.88,67500
2026-07-14,CTG,30.0,82.24,413915834,2330083391,-107077966000,30426565000,137504531000,362723.265,32600
2026-07-14,CTR,49.0,8.76,51140224,56049080,-8431290000,83130000,8514420000,13530.89,72500
2026-07-14,CTS,49.0,1.21,131786197,133400020,3367725000,5292215000,1924490000,50096.81,27150
2026-07-14,DBC,49.0,2.92,205040242,211212784,2570074450,3872047450,1301973000,27092.505,17250
2026-07-14,DCM,49.0,13.41,224627829,259406000,10465415000,16112320000,5646905000,88989.875,33650
2026-07-14,DGW,49.0,47.09,57380173,108446882,714325150,1405280000,690954850,13728.075,39000
2026-07-14,DIG,49.0,4.08,374334079,390251283,1088205000,3578150000,2489945000,76984.045,12600
2026-07-14,DPM,50.0,7.64,314035728,339995380,13785785900,22207325000,8421539100,156224.095,24400
2026-07-14,DSE,100.0,10.68,382509721,428249806,2400595000,2400595000,0,11992.845,22650
2026-07-14,DXG,50.0,37.91,394242440,634926225,-10225701150,13342830000,23568531150,123404.485,12300
2026-07-14,DXS,50.0,13.87,249385241,289551562,1712775000,1726803000,14028000,12946.309,7180
2026-07-14,EIB,29.97,7.23,519577194,560090574,-10276430000,3323810000,13600240000,52153.045,19500
2026-07-14,EVF,15.0,1.81,112022463,114084870,-106240000,0,106240000,14753.8,12850
2026-07-14,FPT,49.0,56.54,362796169,834718489,-81621653100,32269223000,113890876100,466514.85,70300
2026-07-14,FRT,49.0,63.91,30118199,83447874,561849000,2930360000,2368511000,10804.99,113600
2026-07-14,FTS,100.0,24.76,286769018,381145750,614281550,3068675950,2454394400,27733.54,25650
2026-07-14,GAS,49.0,4.2,1132731213,1182345380,23799502000,32440790000,8641288000,175186.79,78500
2026-07-14,GEE,50.0,2.01,313818315,320249605,9466019700,10554509700,1088490000,83342.85,81900
2026-07-14,GEX,50.0,14.17,561498149,654235679,4069426800,18924165000,14854738200,240619.76,26500
2026-07-14,GMD,49.0,83.03,35468941,208982603,24893796700,47673360000,22779563300,186140.65,77500
2026-07-14,GVR,13.0,4.87,494667020,520000000,8719700000,9287475000,567775000,41671.065,30500
2026-07-14,HAG,49.0,3.72,597961436,621059294,1321403600,1341800000,20396400,24930.78,14650
2026-07-14,HCM,49.0,70.23,157678406,529590573,6983300000,10221050000,3237750000,96884.92,27100
2026-07-14,HDB,27.0,79.71,274155350,1351424607,12334418750,23795275000,11460856250,255473.885,26800
2026-07-14,HDC,49.0,2.47,109783355,112559097,1254340000,1456015000,201675000,13938.735,14350
2026-07-14,HDG,50.0,33.52,135263827,203478666,4035815000,6125800000,2089985000,23834.74,19150
2026-07-14,HHV,49.0,20.29,213721119,268111485,13554725000,13559930000,5205000,27913.145,10650
2026-07-14,HPG,49.0,43.53,2336036507,4137052614,-48961243700,51494049150,100455292850,500298.33,22500
2026-07-14,HSG,49.0,6.66,369199591,395558724,943633000,994780000,51147000,25701.09,11550
2026-07-14,HT1,49.0,4.29,178952025,186979056,621595000,645640000,24045000,2599.945,12700
2026-07-14,IMP,77.96,93.22,8146605,120091737,-62580000,0,62580000,347.6,39000
2026-07-14,KBC,49.0,15.48,390017636,461459831,-3265900650,3073565000,6339465650,28136.6,28500
2026-07-14,KDC,50.0,27.41,105191945,144903158,4870000,24750000,19880000,3425.47,50000
2026-07-14,KDH,50.0,49.86,281315464,561107449,-8324070000,16188788000,24512858000,64478.2,19900
2026-07-14,KOS,49.0,0.22,105842994,106075854,-109105000,0,109105000,6335.71,38050
2026-07-14,LPB,5.0,22.58,115640769,149364105,9625990000,15424550000,5798560000,118143.02,51500
2026-07-14,MBB,23.24,95.77,79231325,1871587283,-9755077000,53879288000,63634365000,297539.835,24550
2026-07-14,MSB,30.0,25.48,697525337,936000000,15618544900,27283355000,11664810100,124963.785,16200
2026-07-14,MSN,106.16,23.89,1168327270,1534951081,17803842000,55685500000,37881658000,160521.66,68400
2026-07-14,MWG,49.0,100.0,0,720149656,-6883150000,5427390000,12310540000,211677.21,76800
2026-07-14,NAB,30.0,4.01,592867057,617646684,4852560000,5336850000,484290000,27078.84,13050
2026-07-14,NKG,50.0,9.06,223862471,246161980,1975500000,1990580000,15080000,15250.875,11800
2026-07-14,NLG,50.0,80.95,46194603,242548691,-9608125000,3556930000,13165055000,35213.51,25300
2026-07-14,NT2,49.0,21.92,110146047,141059254,2460745000,3170590000,709845000,8124.845,21600
2026-07-14,NVL,49.0,9.95,1059907535,1177013306,383471650,14642775000,14259303350,87976.545,12200
2026-07-14,OCB,22.0,89.17,63441473,585871502,-981142200,366825000,1347967200,15985.31,10950
2026-07-14,PAN,49.0,45.62,68766239,126455768,-465252500,1267655000,1732907500,5350.565,21650
2026-07-14,PC1,50.0,17.39,169889582,205642671,-4202129550,2928710000,7130839550,31076.065,21350
2026-07-14,PDR,50.0,12.99,434115069,498904689,11517959500,11535085000,17125500,94179.635,13900
2026-07-14,PHR,49.0,24.95,49831407,66394607,4884550000,5313490000,428940000,14207.9,62900
2026-07-14,PLX,20.0,69.94,77778460,258775616,10884195000,13747750000,2863555000,131816.135,36800
2026-07-14,PNJ,49.0,97.3,6778744,250826843,69780618750,114480773750,44700155000,255936.335,46900
2026-07-14,POW,50.0,9.39,1389852873,1533922844,7136593250,12291820000,5155226750,83785.46,14100
2026-07-14,PVD,50.0,20.06,222363745,278148003,-18642813800,20737710000,39380523800,134532.535,19900
2026-07-14,PVT,49.0,26.07,170237214,230266305,2951185000,14767325000,11816140000,65552.36,19200
2026-07-14,REE,49.0,100.0,0,305220527,65997500,66460000,462500,17450.445,46150
2026-07-14,SAB,100.0,58.65,530332522,1282562372,4711520000,6008975000,1297455000,18552.125,46800
2026-07-14,SBT,102.38,19.68,745387047,928026375,944895000,970245000,25350000,13241.955,20900
2026-07-14,SCS,32.25,28.41,22142600,30929304,389858500,1065288500,675430000,7757.485,48500
2026-07-14,SHB,31.31,12.77,1254651518,1438260007,42773645650,50889912500,8116266850,544176.32,12800
2026-07-14,SIP,49.0,4.7,113060583,118635342,-235720000,73980000,309700000,2902.145,49500
2026-07-14,SJS,50.0,1.13,147057233,148737414,-14165000,14115000,28280000,1276.085,48500
2026-07-14,SSB,30.0,1.02,1018132583,1028640000,-11971050,2800815000,2812786050,32936.52,15900
2026-07-14,SSI,100.0,31.18,1722651017,2503089220,-31064030000,15805550000,46869580000,456486.795,25550
2026-07-14,STB,30.0,38.13,349890922,565564714,59773266500,73405500000,13632233500,306737.86,70400
2026-07-14,SZC,20.0,6.42,33686368,35997172,706505000,706505000,0,3526.11,20650
2026-07-14,TCB,22.54,95.39,73548698,1597139381,-42953975000,43370020000,86323995000,359560.82,32200
2026-07-14,TCH,51.0,20.2,371203147,465175704,3511269950,17054209950,13542940000,127003.37,14300
2026-07-14,TPB,30.0,78.08,182448478,832214061,-43176147500,3738615000,46914762500,110518.18,15500
2026-07-14,VCB,30.0,67.34,818710287,2506702528,-54219872000,78768787000,132988659000,167290.47,59200
2026-07-14,VCG,49.0,4.67,301970567,316769484,-6768124900,5320000,6773444900,34681.43,17600
2026-07-14,VCI,100.0,18.1,939936095,1147631925,-72581510000,147270000,72728780000,180328.1,23400
2026-07-14,VGC,49.0,1.92,215465200,219691500,-1138160000,513730000,1651890000,9889.665,42300
2026-07-14,VHC,100.0,18.89,169888008,209453159,1407589200,1808950000,401360800,9795.53,57400
2026-07-14,VHM,50.0,15.06,1744451346,2053706002,23623323200,150195053200,126571730000,614478.5,140800
2026-07-14,VIB,4.99,78.61,36336628,169859884,-13888139750,1780540000,15668679750,95441.62,15750
2026-07-14,VIC,48.19,6.58,3469105560,3713436895,-92249649500,66995445600,159245095100,747314.76,219000
2026-07-14,VIX,100.0,7.39,2269211108,2450287772,-38533182000,7013770000,45546952000,323819.245,14700
2026-07-14,VJC,30.0,20.99,182294070,230727888,-7149056200,4454128600,11603184800,122247.91,133300
2026-07-14,VND,100.0,8.15,1398235234,1522299908,3073917350,10103060000,7029142650,159056.21,17700
2026-07-14,VNM,100.0,48.73,1071583630,2089955445,23773676500,32273381000,8499704500,97780.15,56000
2026-07-14,VPB,30.0,79.58,486051829,2380177080,-83942195000,28347490000,112289685000,377857.125,26500
2026-07-14,VPI,49.0,19.94,125549776,156824292,8956320000,10984970000,2028650000,67873.97,61800
2026-07-14,VPL,49.0,3.83,845031625,878717184,3369750000,3713420000,343670000,60776.16,81800
2026-07-14,VRE,49.0,24.33,863524678,1141121020,-18253580000,19234633000,37488213000,84242.3,25600
2026-07-14,VSC,49.0,3.71,176630858,183441477,10103185000,10639255000,536070000,80259.425,15900
2026-07-14,VTP,49.0,8.03,77522549,84294650,-4946580000,1623400000,6569980000,14349.65,52500
